id,symbol,name,image,current_price,market_cap,market_cap_rank,fully_diluted_valuation,total_volume,high_24h,low_24h,price_change_24h,price_change_percentage_24h,market_cap_change_24h,market_cap_change_percentage_24h,circulating_supply,total_supply,max_supply,ath,ath_change_percentage,ath_date,atl,atl_change_percentage,atl_date,roi,last_updated
bitcoin,btc,Bitcoin,https://coin-images.coingecko.com/coins/images/1/large/bitcoin.png?1696501400,60081.0,1204563290831,1,1204564071873,14859223884.0,60784.0,59741.0,-312.9896551894344,-0.51824,-6401153907.575439,-0.5286,20049262.0,20049275.0,21000000.0,126080.0,-52.34674,2025-10-06T18:57:42.558Z,67.81,88503.5515,2013-07-06T00:00:00.000Z,,2026-06-28T08:13:15.877Z
ethereum,eth,Ethereum,https://coin-images.coingecko.com/coins/images/279/large/ethereum.png?1696501628,1572.01,189718727627,2,189718727627,5123933530.0,1605.68,1562.51,-9.484700392853483,-0.59973,-1181479596.3181458,-0.6189,120683492.2726658,120683492.2726658,,4946.05,-68.21675,2025-08-24T19:21:03.333Z,0.432979,362969.71893,2015-10-20T00:00:00.000Z,"{'times': 33.98219351449996, 'currency': 'btc', 'percentage': 3398.219351449996}",2026-06-28T08:13:16.648Z
tether,usdt,Tether,https://coin-images.coingecko.com/coins/images/325/large/Tether.png?1696501661,0.998607,186078101237,3,191537493520,25812225716.0,0.998674,0.99839,8.064e-05,0.00808,16694001.0,0.00897,186335414603.6357,191802356267.6862,,1.32,-24.52868,2018-07-24T00:00:00.000Z,0.572521,74.41413,2015-03-02T00:00:00.000Z,,2026-06-28T08:13:16.751Z
binancecoin,bnb,BNB,https://coin-images.coingecko.com/coins/images/825/large/bnb-icon2_2x.png?1696501970,554.86,74787308805,4,74787308805,492243350.0,565.71,553.97,-9.483867221161859,-1.68051,-1286371387.609909,-1.69095,134782846.07,134782846.07,200000000.0,1369.99,-59.49908,2025-10-13T08:41:24.131Z,0.0398177,1393399.05495,2017-10-19T00:00:00.000Z,,2026-06-28T08:13:16.831Z
usd-coin,usdc,USDC,https://coin-images.coingecko.com/coins/images/6319/large/USDC.png?1769615602,0.99973,73736199169,5,73738606412,5599934689.0,1.0,0.999593,-1.7107562193197e-05,-0.00171,-43216965.098724365,-0.05858,73755990840.06754,73758398728.89189,,1.043,-4.19436,2018-11-15T00:00:00.000Z,0.877647,13.90666,2023-03-11T08:02:13.981Z,,2026-06-28T08:13:16.931Z
ripple,xrp,XRP,https://coin-images.coingecko.com/coins/images/44/large/xrp-symbol-white-128.png?1696501442,1.05,65353601771,6,104984955434,1090852355.0,1.074,1.042,-0.007532642397278577,-0.71231,-422386397.5677185,-0.64216,62241508805.0,99985645029.0,100000000000.0,3.65,-71.20529,2025-07-18T03:40:53.808Z,0.00268621,38987.24263,2014-05-22T00:00:00.000Z,,2026-06-28T08:13:16.649Z
solana,sol,Solana,https://coin-images.coingecko.com/coins/images/4128/large/solana.png?1718769756,71.03,41250396952,7,44701175194,1609424867.0,72.9,70.21,-1.104712136244956,-1.53148,-617637980.6082382,-1.4752,580752609.4738784,629335135.1431975,,293.31,-75.78377,2025-01-19T11:15:27.957Z,0.500801,14083.09555,2020-05-11T19:35:23.449Z,,2026-06-28T08:13:16.545Z
tron,trx,TRON,https://coin-images.coingecko.com/coins/images/1094/large/photo_2026-04-13_09-59-16.png?1776048311,0.32124,30468138124,8,30468766016,377510122.0,0.322231,0.320056,0.00073208,0.22841,68707165.0,0.22601,94845315216.70627,94847269802.62886,,0.431288,-25.51612,2024-12-04T00:10:40.323Z,0.00180434,17703.74073,2017-11-12T00:00:00.000Z,"{'times': 168.07384549227385, 'currency': 'usd', 'percentage': 16807.384549227383}",2026-06-28T08:13:03.541Z
figure-heloc,figr_heloc,Figure Heloc,https://coin-images.coingecko.com/coins/images/68480/large/figure.png?1755863954,1.044,20163932936,9,20163932936,129568628.0,1.044,1.028,0.0156362,1.52095,347719763.0,1.75472,19319848744.728,19319848744.728,,1.049,-0.51744,2026-03-09T17:00:25.937Z,0.155357,571.80281,2025-10-31T14:27:24.456Z,,2026-06-28T07:54:32.577Z
hyperliquid,hype,Hyperliquid,https://coin-images.coingecko.com/coins/images/50882/large/hyperliquid.jpg?1729431300,62.38,13877286811,10,59596879127,344496411.0,64.53,61.48,-1.305887811429848,-2.05041,-294249717.914505,-2.07634,222445714.0741414,955307079.4341414,1000000000.0,76.7,-18.66927,2026-06-16T13:02:04.375Z,3.81,1537.89504,2024-11-29T09:30:30.871Z,,2026-06-28T08:13:10.907Z
dogecoin,doge,Dogecoin,https://coin-images.coingecko.com/coins/images/5/large/dogecoin.png?1696501409,0.073621,11399619727,11,12556313280,435977697.0,0.076187,0.073271,-0.002004056140831878,-2.64999,-304997386.1405525,-2.60579,154845156383.7052,170556943126.579,,0.731578,-89.93667,2021-05-08T05:08:23.458Z,8.69e-05,84615.6786,2015-05-06T00:00:00.000Z,,2026-06-28T08:13:11.066Z
usds,usds,USDS,https://coin-images.coingecko.com/coins/images/39926/large/usds.webp?1726666683,0.999639,10345713977,12,10345713977,5866449.0,0.999821,0.999314,0.00018616,0.01863,7121352.0,0.06888,10349492859.70421,10349492859.70421,,1.15,-13.23907,2026-04-02T07:21:14.655Z,0.948265,5.40963,2024-10-03T13:19:28.826Z,,2026-06-28T08:13:09.870Z
rain,rain,Rain,https://coin-images.coingecko.com/coins/images/69134/large/Rain_logo_1_.png?1762952191,0.01556197,10299720463,13,17894986448,40985549.0,0.01569289,0.01552983,-0.000130917145048527,-0.83424,-87141777.10140419,-0.83896,661815104667.6797,1149853762744.819,1150000000000.0,0.01614328,-3.62286,2026-06-22T20:10:11.458Z,0.00222126,600.43288,2025-09-14T08:56:57.416Z,,2026-06-28T08:13:14.391Z
leo-token,leo,LEO Token,https://coin-images.coingecko.com/coins/images/8418/large/leo-token.png?1696508607,9.41,8663195934,14,9274655124,780038.0,9.48,9.28,0.124449,1.33976,114665150.0,1.34134,920284662.9,985239504.0,,10.57,-10.89161,2026-05-04T09:45:26.809Z,0.799859,1077.50983,2019-12-24T15:14:35.376Z,,2026-06-28T08:13:15.826Z
zcash,zec,Zcash,https://coin-images.coingecko.com/coins/images/486/large/circle-zcash-color.png?1696501740,383.3,6435888459,15,6436198088,256044358.0,413.06,383.35,-25.520916325682037,-6.24264,-433915784.2656641,-6.31628,16791065.7905448,16791873.6030448,21000000.0,3191.93,-87.99174,2016-10-29T00:00:00.000Z,16.08,2283.65632,2024-07-05T04:22:29.321Z,,2026-06-28T08:13:10.877Z
canton-network,cc,Canton,https://coin-images.coingecko.com/coins/images/70468/large/Canton-Ticker_%281%29.png?1762826299,0.15299,5955281797,16,5955281797,6722342.0,0.155035,0.150341,0.00217127,1.43965,86401301.0,1.47219,38924110748.16834,38924110748.16834,,0.194152,-21.32719,2026-02-03T08:02:08.411Z,0.059024,158.7836,2025-12-06T10:32:09.784Z,,2026-06-28T08:13:15.238Z
monero,xmr,Monero,https://coin-images.coingecko.com/coins/images/69/large/monero_logo.png?1696501460,311.15,5846142730,17,5846142730,78618832.0,318.38,311.5,-6.014730823752245,-1.8964,-105595838.64964867,-1.7742,18770801.35755997,18770801.35755997,,797.73,-60.99562,2026-01-14T19:34:07.049Z,0.216177,143833.91752,2015-01-14T00:00:00.000Z,,2026-06-28T08:13:14.130Z
stellar,xlm,Stellar,https://coin-images.coingecko.com/coins/images/100/large/fmpFRHHQ_400x400.jpg?1735231350,0.171468,5820349288,18,8573714727,137455024.0,0.178797,0.170974,-0.003455790499031469,-1.9756,-117305175.50180149,-1.97561,33944197318.12617,50001786839.91257,,0.875563,-80.38762,2018-01-03T00:00:00.000Z,0.00047612,35966.01071,2015-03-05T00:00:00.000Z,,2026-06-28T08:13:02.599Z
whitebit,wbt,WhiteBIT Coin,https://coin-images.coingecko.com/coins/images/27045/large/wbt_token.png?1696526096,48.02,5674709753,19,14120900005,32999227.0,48.68,47.73,-0.42899999999999494,-0.88552,-50699762.25600052,-0.88552,118181264.0,294081263.0,400000000.0,64.11,-25.07695,2025-12-10T20:16:13.582Z,3.06,1468.73871,2023-02-13T19:01:21.899Z,,2026-06-28T08:13:06.191Z
lab,lab,LAB,https://coin-images.coingecko.com/coins/images/70014/large/lab.png?1760352822,17.67,5507025266,20,17620065015,42297481.0,19.98,14.73,-2.303327767617482,-11.52996,-750156561.9253569,-11.98873,312542846.0,1000000000.0,1000000000.0,27.3,-34.79018,2026-06-02T21:05:47.499Z,0.074235,23881.76958,2025-12-02T03:30:39.644Z,,2026-06-28T08:13:14.692Z
chainlink,link,Chainlink,https://coin-images.coingecko.com/coins/images/877/large/Chainlink_Logo_500.png?1760023405,7.29,5454135213,21,7290650219,123715321.0,7.45,7.22,-0.07953484486919926,-1.07919,-56242384.744895935,-1.02066,748099970.424884,1000000000.0,1000000000.0,52.7,-86.16542,2021-05-10T00:13:57.214Z,0.148183,4819.82456,2017-11-29T00:00:00.000Z,,2026-06-28T08:13:16.014Z
cardano,ada,Cardano,https://coin-images.coingecko.com/coins/images/975/large/cardano.png?1696502090,0.145036,5401711845,22,6526974182,216085818.0,0.148902,0.143457,-0.002278965547268086,-1.547,-84061595.58257103,-1.53236,37241917348.40765,45000000000.0,45000000000.0,3.09,-95.30159,2021-09-02T06:00:10.474Z,0.01925275,653.32488,2020-03-13T02:22:55.044Z,,2026-06-28T08:13:16.335Z
usd1-wlfi,usd1,USD1,https://coin-images.coingecko.com/coins/images/54977/large/USD1_1000x1000_transparent.png?1749297002,0.999426,4674216752,23,4674216752,531695906.0,0.999594,0.998646,0.00015517,0.01553,538211.0,0.01152,4677020281.2411,4677020281.2411,,1.025,-2.50019,2025-05-12T12:36:39.412Z,0.989633,0.9671,2025-10-01T08:51:32.103Z,,2026-06-28T08:13:14.628Z
dai,dai,Dai,https://coin-images.coingecko.com/coins/images/9956/large/Badge_Dai.png?1696509996,0.999766,4627886480,24,4627886480,78029491.0,0.999875,0.999451,0.00015272,0.01528,8099868.0,0.17533,4628971141.472971,4628971141.472971,,1.22,-17.98662,2020-03-13T03:02:50.373Z,0.88196,13.34825,2023-03-11T07:50:50.514Z,,2026-06-28T08:13:16.165Z
ethena-usde,usde,Ethena USDe,https://coin-images.coingecko.com/coins/images/33613/large/usde.png?1733810059,0.998193,4453427923,25,4453427923,54225338.0,0.998179,0.997831,0.00024325,0.02437,-6413694.626625061,-0.14381,4461504829.701223,4461504829.701223,,1.034,-3.46848,2025-12-09T17:10:12.652Z,0.929486,7.38827,2024-10-04T07:57:15.809Z,,2026-06-28T08:13:09.009Z
the-open-network,gram,Gram (prev. Toncoin),https://coin-images.coingecko.com/coins/images/17980/large/Gram_Circular_Badge.png?1781524778,1.56,4208194067,26,8106842650,1951767.0,1.59,1.54,-0.024627440043017312,-1.55633,-72182963.99303198,-1.68637,2701408876.212339,5204108067.361836,,8.25,-81.14148,2024-06-15T00:36:51.509Z,0.519364,199.69521,2021-09-21T00:33:11.092Z,,2026-06-28T08:13:05.395Z
bitcoin-cash,bch,Bitcoin Cash,https://coin-images.coingecko.com/coins/images/780/large/bitcoin-cash-circle.png?1696501932,192.65,3862703181,27,3862711608,69129372.0,199.58,192.36,-3.938299294538666,-2.00329,-80007278.17184019,-2.02925,20053918.64665078,20053962.39665078,21000000.0,3785.82,-94.9112,2017-12-20T00:00:00.000Z,76.93,150.41049,2018-12-16T00:00:00.000Z,,2026-06-28T08:13:15.929Z
litecoin,ltc,Litecoin,https://coin-images.coingecko.com/coins/images/2/large/litecoin.png?1696501400,42.43,3281325616,28,3281332247,211049135.0,43.16,41.9,0.111142,0.2626,8812428.0,0.26929,77327614.48347135,77327770.73347135,84000000.0,410.26,-89.65825,2021-05-10T03:13:07.904Z,1.15,3593.11256,2015-01-14T00:00:00.000Z,,2026-06-28T08:13:05.517Z
hashnote-usyc,usyc,Circle USYC,https://coin-images.coingecko.com/coins/images/51054/large/Hashnote_SDYC_200x200.png?1730370965,1.13,3107958727,29,3107958727,564020.0,,,,,,,2755380182.39739,2755380182.39739,,1.13,-0.00899,2026-06-25T18:41:06.855Z,1.026,9.92661,2024-12-05T22:31:20.475Z,,2026-06-26T19:22:27.671Z
hedera-hashgraph,hbar,Hedera,https://coin-images.coingecko.com/coins/images/3688/large/hbar.png?1696504364,0.071178,3094360180,30,3558923282,43047021.0,0.073283,0.07114,-0.001142698554911503,-1.58003,-49676835.14999199,-1.58003,43473263318.59316,50000000000.0,50000000000.0,0.569229,-87.49394,2021-09-15T10:40:28.318Z,0.00986111,621.90748,2020-01-02T17:30:24.852Z,,2026-06-28T08:13:08.719Z
global-dollar,usdg,Global Dollar,https://coin-images.coingecko.com/coins/images/51281/large/GDN_USDG_Token_200x200.png?1730484111,0.999692,2960773166,31,2960773166,47715421.0,1.001,0.999411,9.3e-06,0.00093,909057.0,0.03071,2961072211.093514,2961072211.093514,,1.65,-39.58209,2025-01-30T00:11:05.728Z,0.907561,10.14396,2024-11-11T23:55:50.604Z,,2026-06-28T08:13:11.075Z
sui,sui,Sui,https://coin-images.coingecko.com/coins/images/26375/large/sui-ocean-square.png?1727791290,0.683932,2755928008,32,6839894175,225837862.0,0.712408,0.677652,-0.022564005942854348,-3.19379,-90804400.56691837,-3.18978,4029196852.454399,10000000000.0,10000000000.0,5.35,-87.20801,2025-01-04T22:56:18.063Z,0.364846,87.45766,2023-10-19T10:40:30.078Z,,2026-06-28T08:13:06.558Z
paypal-usd,pyusd,PayPal USD,https://coin-images.coingecko.com/coins/images/31212/large/PYUSD_Token_Logo_2x.png?1765987788,0.99985,2742517698,33,2742517698,32360366.0,1.0,0.999371,-7.5319175376176e-05,-0.00753,3939872.0,0.14387,2743620382.447839,2743620382.447839,,1.081,-7.50895,2026-04-02T07:35:31.426Z,0.959426,4.19627,2024-12-05T22:31:13.430Z,,2026-06-28T08:13:13.523Z
avalanche-2,avax,Avalanche,https://coin-images.coingecko.com/coins/images/12559/large/Avalanche_Circle_RedWhite_Trans.png?1696512369,6.33,2732072805,34,2932461655,152973609.0,6.63,6.31,-0.23883807212546948,-3.63726,-103328481.25632143,-3.64423,431771961.1772119,463441061.1772119,720000000.0,144.96,-95.63515,2021-11-21T14:18:56.538Z,2.8,125.89067,2020-12-31T13:15:21.540Z,,2026-06-28T08:13:04.009Z
crypto-com-chain,cro,Cronos,https://coin-images.coingecko.com/coins/images/7310/large/cro_token_logo.png?1696507599,0.0543,2500325522,35,5361956767,6957670.0,0.055575,0.054215,-0.000697645617981843,-1.26849,-31985129.17475605,-1.26308,46046130816.28112,98746087497.01956,100000000000.0,0.891544,-93.90857,2021-11-24T00:00:00.000Z,0.0121196,348.09879,2019-02-08T00:00:00.000Z,,2026-06-28T08:13:15.679Z
tether-gold,xaut,Tether Gold,https://coin-images.coingecko.com/coins/images/10481/large/logo.png?1774627372,4064.86,2491040366,36,2876890506,40733100.0,4070.58,4061.41,-5.17679465614583,-0.12719,-3165405.113219261,-0.12691,612823.659532,707747.089,,5504.62,-26.16437,2026-01-29T00:00:00.000Z,1447.84,180.71915,2020-03-19T13:45:41.821Z,,2026-06-28T08:13:03.422Z
shiba-inu,shib,Shiba Inu,https://coin-images.coingecko.com/coins/images/11939/large/shiba.png?1696511800,4.18e-06,2461170527,37,2462242591,50248013.0,4.36e-06,4.15e-06,-6.9184126977e-08,-1.62939,-41252845.41591406,-1.64852,589243142450569.9,589499811439704.9,,8.616e-05,-95.15217,2021-10-28T03:54:55.568Z,5.6366e-11,7410045.67357,2020-11-28T11:26:25.838Z,,2026-06-28T08:13:06.678Z
near,near,NEAR Protocol,https://coin-images.coingecko.com/coins/images/10365/large/near.jpg?1696510367,1.87,2425129878,38,2425129884,273858346.0,1.92,1.79,0.060559,3.3536,78232768.0,3.33346,1299401527.0,1299401530.0,,20.44,-90.85468,2022-01-16T22:09:45.873Z,0.526762,254.83393,2020-11-04T16:09:15.137Z,,2026-06-28T08:13:03.449Z
blackrock-usd-institutional-digital-liquidity-fund,buidl,BlackRock USD Institutional Digital Liquidity Fund,https://coin-images.coingecko.com/coins/images/36291/large/blackrock.png?1711013223,1.0,2248639185,39,2248639185,0.0,1.0,1.0,0.0,0.0,0.0,0.0,2248639185.240449,2248639185.240449,,1.0,0.0,2025-02-12T05:00:10.912Z,1.0,0.0,2025-02-12T05:45:10.196Z,,2026-06-28T08:05:36.892Z
ondo-us-dollar-yield,usdy,Ondo US Dollar Yield,https://coin-images.coingecko.com/coins/images/31700/large/usdy_%281%29.png?1696530524,1.14,2165916709,40,2165916709,1729386.0,1.15,1.13,0.00247654,0.21773,5989689.0,0.27731,1900065759.101151,1900065759.101151,,1.26,-9.81429,2024-03-27T05:24:08.110Z,0.934184,21.93394,2024-01-14T11:40:50.825Z,,2026-06-28T08:13:07.335Z
bittensor,tao,Bittensor,https://coin-images.coingecko.com/coins/images/28452/large/ARUsPeNQ_400x400.jpeg?1696527447,208.04,1996721239,41,4368969558,89754783.0,214.62,206.96,-5.390624168227305,-2.52575,-51649729.959993124,-2.5215,9597491.0,21000000.0,21000000.0,757.6,-72.51961,2024-03-07T18:45:36.466Z,30.83,575.29349,2023-05-14T08:57:53.732Z,,2026-06-28T08:13:06.992Z
world-liberty-financial,wlfi,World Liberty Financial,https://coin-images.coingecko.com/coins/images/50767/large/wlfi.png?1756438915,0.058088,1846179446,42,5810312615,23961652.0,0.059219,0.057083,0.00043343,0.75177,14227429.0,0.77663,31774184429.0,100000000000.0,100000000000.0,0.331336,-82.46869,2025-09-01T12:20:09.597Z,0.051632,12.50216,2026-05-02T06:24:04.639Z,,2026-06-28T08:13:10.604Z
pax-gold,paxg,PAX Gold,https://coin-images.coingecko.com/coins/images/9519/large/paxgold.png?1696509604,4068.93,1839781837,43,1839781840,39871662.0,4075.32,4065.44,-6.319375965845666,-0.15507,-2869898.9905183315,-0.15575,452150.562616,452150.563384,,5619.09,-27.58961,2026-01-29T06:30:56.612Z,1399.64,190.70341,2019-11-18T03:09:35.959Z,,2026-06-28T08:13:16.275Z
uniswap,uni,Uniswap,https://coin-images.coingecko.com/coins/images/12504/large/uniswap-logo.png?1720676669,2.91,1807216898,44,2598822365,121794090.0,3.04,2.88,-0.02895958861939496,-0.98575,-18425251.60738921,-1.00925,621277561.5538775,893412420.0329479,1000000000.0,44.92,-93.54344,2021-05-03T05:25:04.822Z,1.03,181.5225,2020-09-17T01:20:38.214Z,,2026-06-28T08:13:04.030Z
aster-2,aster,Aster,https://coin-images.coingecko.com/coins/images/69040/large/_ASTER.png?1757326782,0.620783,1661961783,45,4855795619,50654021.0,0.632076,0.61733,-0.008940564662319295,-1.41976,-23749696.732461452,-1.40888,2677260279.249776,7822218820.515041,8000000000.0,2.41,-74.22784,2025-09-24T11:18:14.634Z,0.099713,522.56722,2025-09-17T12:05:36.771Z,,2026-06-28T08:13:14.462Z
okb,okb,OKB,https://coin-images.coingecko.com/coins/images/4463/large/WeChat_Image_20220118095654.png?1696505053,77.17,1620605290,46,1620605290,26980006.0,81.49,77.11,-1.4589400072111687,-1.85543,-30660307.007542133,-1.85678,21000000.0,21000000.0,21000000.0,228.74,-65.40582,2025-10-05T00:00:00.000Z,0.580608,13528.9078,2019-01-14T00:00:00.000Z,,2026-06-28T08:13:10.040Z
ripple-usd,rlusd,Ripple USD,https://coin-images.coingecko.com/coins/images/39651/large/RLUSD_200x200_%281%29.png?1727376633,1.0,1570777706,47,1570777706,38693986.0,1.0,0.999429,6.598e-05,0.0066,146392.0,0.00932,1570684098.530979,1570684098.530979,,1.073,-6.80278,2024-12-26T10:45:52.337Z,0.962292,3.90159,2024-12-18T04:40:40.880Z,,2026-06-28T08:13:12.161Z
worldcoin-wld,wld,Worldcoin,https://coin-images.coingecko.com/coins/images/31069/large/worldcoin.jpeg?1696529903,0.449866,1563797270,48,4502842951,209523759.0,0.471615,0.434116,-0.014210476040556974,-3.0621,-46834252.25253677,-2.90782,3472910974.65248,10000000000.0,10000000000.0,11.74,-96.16592,2024-03-10T00:10:42.330Z,0.230306,95.45514,2026-05-18T15:06:03.669Z,,2026-06-28T08:13:07.795Z
htx-dao,htx,HTX DAO,https://coin-images.coingecko.com/coins/images/35491/large/Frame_1321318576.png?1708908626,1.67e-06,1510274517,49,1510274517,52943761.0,1.68e-06,1.66e-06,-2.927432984e-09,-0.17525,-2653079.7209920883,-0.17536,905707664073577.8,905707664073577.8,999990000000000.0,3.75e-06,-55.5218,2024-12-04T00:16:20.770Z,8.00816e-07,108.36223,2024-08-05T13:31:33.427Z,,2026-06-28T08:13:08.517Z
ondo-finance,ondo,Ondo,https://coin-images.coingecko.com/coins/images/26580/large/ONDO.png?1696525656,0.309647,1507991205,50,3096916833,35286205.0,0.320348,0.307026,-0.008307320091698323,-2.61274,-39851166.33743882,-2.57463,4869330647.0,10000000000.0,10000000000.0,2.14,-85.53158,2024-12-16T00:36:00.777Z,0.082171,276.83214,2024-01-18T12:14:30.524Z,,2026-06-28T08:13:07.812Z
mantle,mnt,Mantle,https://coin-images.coingecko.com/coins/images/30980/large/MNT_Token_Logo.png?1765516974,0.432957,1429699266,51,2692598426,23827337.0,0.449825,0.43052,-0.002616884249979023,-0.60079,-8958286.01163745,-0.62268,3302294382.53684,6219316794.889999,6219316794.89,2.86,-84.82268,2025-10-09T01:04:46.659Z,0.307978,40.69895,2023-10-18T02:50:46.942Z,,2026-06-28T08:13:07.212Z
falcon-finance,usdf,Falcon USD,https://coin-images.coingecko.com/coins/images/54558/large/ff_200_X_200.png?1740741076,0.993773,1419076528,52,1419076528,575041.0,0.996211,0.99269,0.00073644,0.07416,2739656.0,0.19343,1426283098.067715,1426283098.067715,,1.075,-7.44326,2025-05-08T21:25:42.071Z,0.943422,5.42451,2025-07-08T10:16:34.749Z,,2026-06-28T08:13:11.547Z
aave,aave,Aave,https://coin-images.coingecko.com/coins/images/12645/large/aave-token-round.png?1720472354,91.0,1381364441,53,1455992053,287716221.0,97.88,90.43,-4.657191288737266,-4.86865,-70727252.01393437,-4.87072,15179911.874935383,16000000.0,16000000.0,661.69,-86.31196,2021-05-18T21:19:59.514Z,26.02,248.04553,2020-11-05T09:20:11.928Z,,2026-06-28T08:13:04.167Z
pi-network,pi,Pi Network,https://coin-images.coingecko.com/coins/images/54342/large/pi_network.jpg?1739347576,0.127153,1377617485,55,2119411516,9411672.0,0.133165,0.126374,0.00074482,0.58922,12003938.0,0.87901,10827905633.75127,16658316359.61734,100000000000.0,2.99,-95.73647,2025-02-26T16:41:03.732Z,0.118869,7.15824,2026-06-06T05:05:45.511Z,,2026-06-28T08:13:11.426Z
polkadot,dot,Polkadot,https://coin-images.coingecko.com/coins/images/12171/large/polkadot.jpg?1766533446,0.814527,1377165012,54,1377165012,65353795.0,0.847784,0.804917,-0.02897997054963275,-3.43565,-48868491.20045519,-3.42688,1690753497.060164,1690753497.060164,2100000000.0,54.98,-98.51783,2021-11-04T14:10:09.301Z,0.804917,1.23769,2026-06-28T01:15:11.215Z,,2026-06-28T08:13:03.854Z
usdd,usdd,USDD,https://coin-images.coingecko.com/coins/images/25380/large/UUSD.jpg?1696524513,0.998602,1374517763,56,1375024593,44655487.0,0.999172,0.99813,0.00040313,0.04039,-915703.2029702663,-0.06658,1376441280.0,1376948819.0,,1.052,-5.05018,2023-10-23T22:45:25.398Z,0.928067,7.6108,2022-06-19T16:15:11.558Z,,2026-06-28T08:13:06.003Z
bfusd,bfusd,BFUSD,https://coin-images.coingecko.com/coins/images/68227/large/bfusd.png?1755132827,0.998291,1317744410,57,1317744410,1468521.0,0.99851,0.998132,8.997e-05,0.00901,-12840.292444467545,-0.00097,1320000000.0,1320000000.0,,1.007,-0.86127,2025-10-10T21:40:40.468Z,0.997035,0.1221,2026-01-24T07:41:41.188Z,,2026-06-28T08:13:13.377Z
internet-computer,icp,Internet Computer,https://coin-images.coingecko.com/coins/images/14495/large/Internet_Computer_logo.png?1696514180,2.15,1192447522,58,1192447529,25147084.0,2.2,2.14,-0.03213509978233953,-1.47162,-17797014.19706869,-1.47053,554235814.8846241,554235818.0996314,,700.65,-99.69228,2021-05-10T16:05:53.653Z,2.02,6.81406,2026-02-24T05:35:51.591Z,,2026-06-28T08:13:07.190Z
sky,sky,Sky,https://coin-images.coingecko.com/coins/images/39925/large/sky.jpg?1724827980,0.050074,1166698602,59,1174894491,8090701.0,0.050639,0.04857091,0.00115844,2.36824,26948781.0,2.36445,23298993102.241127,23462665147.36596,23462665147.3,0.100535,-50.25743,2024-12-04T10:13:57.264Z,0.03582727,39.58307,2025-02-03T05:01:48.626Z,,2026-06-28T08:13:09.779Z
bitget-token,bgb,Bitget Token,https://coin-images.coingecko.com/coins/images/11610/large/Bitget_logo.png?1736925727,1.64,1146787165,60,1497280842,8755177.0,1.65,1.63,-0.010533125010166566,-0.63883,-7502614.579379082,-0.64998,699992029.6481038,913931274.6481038,2000000000.0,8.45,-80.59192,2024-12-27T11:41:24.992Z,0.0142795,11385.31593,2020-06-25T04:17:05.895Z,,2026-06-28T08:13:08.509Z
morpho,morpho,Morpho,https://coin-images.coingecko.com/coins/images/29837/large/Morpho-token-icon.png?1726771230,1.76,1136669641,61,1757595538,7713325.0,1.8,1.72,-0.02028193333338857,-1.14087,-13917572.061963558,-1.20961,646718551.5850024,1000000000.0,1000000000.0,4.17,-57.81737,2025-01-17T12:46:19.818Z,0.713151,146.68982,2024-11-25T01:55:43.353Z,,2026-06-28T08:13:07.079Z
ethereum-classic,etc,Ethereum Classic,https://coin-images.coingecko.com/coins/images/453/large/ethereum-classic-logo.png?1696501717,7.11,1112563827,62,1112563827,29197751.0,7.32,7.06,-0.18276341427761622,-2.50736,-30250652.927592993,-2.64703,156559601.6228963,156559601.6228963,210700000.0,167.09,-95.74949,2021-05-06T18:34:22.133Z,0.615038,1054.72155,2016-07-25T00:00:00.000Z,"{'times': 14.79183218013834, 'currency': 'usd', 'percentage': 1479.183218013834}",2026-06-28T08:13:10.267Z
dexe,dexe,DeXe,https://coin-images.coingecko.com/coins/images/12713/large/DEXE_token_logo.png?1696512514,22.4,1047333571,63,2161953198,12891008.0,22.71,20.6,1.6,7.68294,73590703.0,7.55751,46750552.58384035,96504599.33609451,,32.38,-30.44815,2021-03-08T13:29:57.935Z,0.671563,3253.60109,2020-11-06T19:31:40.144Z,,2026-06-28T08:13:04.214Z
united-stables,u,United Stables,https://coin-images.coingecko.com/coins/images/71157/large/united-stables-logo.jpg?1766061640,0.999698,1014752506,64,1014752506,4071149.0,0.999876,0.999478,9.562e-05,0.00957,97060.0,0.00957,1015058749.2,1015058749.2,,1.008,-0.80183,2026-02-05T21:06:07.908Z,0.968158,3.25775,2025-12-21T00:47:20.303Z,,2026-06-28T08:13:15.563Z
pepe,pepe,Pepe,https://coin-images.coingecko.com/coins/images/29850/large/pepe-token.jpeg?1696528776,2.38e-06,1002279082,65,1002279082,86511750.0,2.45e-06,2.35e-06,-4.1262701266e-08,-1.7031,-15859312.748900771,-1.55768,420690000000000.0,420690000000000.0,420690000000000.0,2.803e-05,-91.50305,2024-12-09T16:30:35.828Z,5.5142e-08,4218.89457,2023-04-18T02:14:41.591Z,,2026-06-28T08:13:06.822Z
blockchain-capital,bcap,Blockchain Capital,https://coin-images.coingecko.com/coins/images/56040/large/bcap_logo_200.png?1748088291,107.03,975269240,66,975269240,0.0,107.03,107.03,0.0,0.0,0.0,0.0,9112111.0,9112111.0,,107.16,-0.12131,2026-05-26T04:00:05.176Z,17.76,502.6464,2025-06-02T20:50:02.462Z,,2026-06-28T08:00:59.843Z
quant-network,qnt,Quant,https://coin-images.coingecko.com/coins/images/3370/large/5ZOu7brX_400x400.jpg?1696504070,65.23,948769848,67,953226406,7196470.0,66.77,65.03,-0.7757631625289036,-1.17523,-11309702.082416534,-1.178,14544176.164081175,14612493.0,14612493.0,427.42,-84.74501,2021-09-11T09:15:00.668Z,0.215773,30118.39138,2018-08-23T00:00:00.000Z,"{'times': 16.84346004084171, 'currency': 'eth', 'percentage': 1684.3460040841708}",2026-06-28T08:13:08.421Z
eutbl,eutbl,Spiko EU T-Bills Money Market Fund,https://coin-images.coingecko.com/coins/images/39657/large/EUTBL.png?1723517425,1.2,944386532,68,944386532,0.0,1.2,1.2,2.22e-16,0.0,0.0,0.0,787257322.08118,787257322.08118,,1.26,-4.8712,2026-01-27T21:00:08.465Z,1.011,18.66127,2024-08-15T09:45:23.684Z,,2026-06-28T08:06:07.983Z
memecore,m,MemeCore,https://coin-images.coingecko.com/coins/images/53247/large/square-bg-transparent.png?1752637478,0.697912,921174047,69,3764314556,10989647.0,0.862876,0.697028,-0.025197913054826104,-3.48466,-30777088.898624897,-3.23305,1317805659.815704,5385122432.45507,10000000000.0,4.82,-85.42347,2026-04-24T01:10:07.284Z,0.04746135,1379.6782,2025-07-04T03:56:17.448Z,,2026-06-28T08:13:11.110Z
kucoin-shares,kcs,KuCoin,https://coin-images.coingecko.com/coins/images/1047/large/sa9z79.png?1696502152,6.74,908161266,70,958743929,2156509.0,6.95,6.73,-0.05017805043905099,-0.73851,-6756726.450450778,-0.73851,134655021.2957717,142155021.2957717,,28.83,-76.57027,2021-12-01T15:09:35.541Z,0.342863,1870.1062,2019-02-07T00:00:00.000Z,,2026-06-28T08:13:03.360Z
stable-2,stable,​​Stable,https://coin-images.coingecko.com/coins/images/69242/large/stable-logotype-framed-square-light.png?1762753913,0.0375846,901847314,71,3758460069,16961741.0,0.03893155,0.03704326,-0.000147519151642413,-0.39096,-2778913.4561989307,-0.30719,23995128257.0,100000000000.0,100000000000.0,0.04267238,-12.43202,2026-05-14T23:25:26.430Z,0.0092214,305.22428,2025-12-24T05:49:32.232Z,,2026-06-28T08:13:14.265Z
janus-henderson-anemoy-treasury-fund,jtrsy,Janus Henderson Anemoy Treasury Fund,https://coin-images.coingecko.com/coins/images/70445/large/JTRSY.png?1762078582,1.11,869934695,72,869934695,0.0,1.11,1.11,0.0,0.0,0.0,0.0,785419616.691257,785419616.691257,,1.11,0.0,2026-06-26T12:15:04.395Z,1.085,2.10496,2025-11-13T04:05:05.827Z,,2026-06-28T08:10:33.421Z
usdgo,usdgo,USDGO,https://coin-images.coingecko.com/coins/images/102172077/large/USDGO_%287%29.png?1771437018,1.0,850070500,73,850070500,5307351.0,1.0,0.999621,0.00045035,0.04505,-69961.39358627796,-0.00823,850229354.89,850229354.89,,1.002,-0.25829,2026-03-11T08:04:22.992Z,0.998331,0.14914,2026-04-30T02:25:41.987Z,,2026-06-28T08:13:02.378Z
audiera,beat,Audiera,https://coin-images.coingecko.com/coins/images/70428/large/audiera.png?1761964064,2.85,821454627,74,2852107966,36985903.0,2.86,2.04,0.700283,32.55441,201891662.0,32.58614,288016666.0,1000000000.0,1000000000.0,10.99,-74.14915,2026-06-12T17:05:48.421Z,0.067925,4082.45492,2025-11-02T03:31:34.370Z,,2026-06-28T08:13:14.875Z
render-token,render,Render,https://coin-images.coingecko.com/coins/images/11636/large/rndr.png?1696511529,1.55,806198740,75,829136815,31682865.0,1.62,1.53,-0.06894460413940506,-4.24798,-36157060.32384455,-4.29237,518772101.2826915,533532274.5626915,644245094.0,13.53,-88.49052,2024-03-17T16:30:24.636Z,0.03665669,4149.62838,2020-06-16T13:22:25.900Z,,2026-06-28T08:13:03.974Z
cosmos,atom,Cosmos Hub,https://coin-images.coingecko.com/coins/images/1481/large/cosmos_hub.png?1696502525,1.56,806175576,76,806175576,29049080.0,1.61,1.56,-0.022684099796789425,-1.43241,-11859656.38332975,-1.44977,516464860.401955,516464860.401955,,43.84,-96.4299,2021-09-20T00:00:00.000Z,1.16,34.93449,2020-03-13T02:27:44.591Z,"{'times': 14.60949519268764, 'currency': 'usd', 'percentage': 1460.949519268764}",2026-06-28T08:13:04.881Z
algorand,algo,Algorand,https://coin-images.coingecko.com/coins/images/4380/large/download.png?1696504978,0.087864,785068498,77,785069103,31419931.0,0.088833,0.084709,0.00192534,2.24037,18116817.0,2.36218,8935053587.61676,8935060468.602358,10000000000.0,3.56,-97.53099,2019-06-20T14:51:19.480Z,0.080092,9.77987,2026-03-29T22:50:15.756Z,"{'times': -0.9633901779935257, 'currency': 'usd', 'percentage': -96.33901779935256}",2026-06-28T08:13:10.170Z
superstate-short-duration-us-government-securities-fund-ustb,ustb,Invesco Short Duration US Government Securities Fund,https://coin-images.coingecko.com/coins/images/35012/large/Invesco_icon_lg.png?1780816895,11.13,770808198,78,770808198,0.0,11.13,11.13,0.0,0.0,-44501.883355498314,-0.00577,69280631.326563,69280631.326563,,11.13,0.0,2026-06-26T13:40:24.889Z,10.29,8.11532,2025-02-26T09:55:09.261Z,,2026-06-28T08:10:20.770Z
kaspa,kas,Kaspa,https://coin-images.coingecko.com/coins/images/25751/large/kaspa-icon-exchanges.png?1696524837,0.02787457,766342269,79,767572939,9873227.0,0.02910876,0.02759335,-7.2674202148147e-05,-0.26004,-2070274.644355297,-0.26942,27495108539.94101,27539262990.45077,28704026601.0,0.207411,-86.54601,2024-08-01T00:40:47.164Z,0.00017105,16214.02196,2022-05-26T14:42:59.316Z,,2026-06-28T08:13:06.014Z
polygon-ecosystem-token,pol,POL (ex-MATIC),https://coin-images.coingecko.com/coins/images/32440/large/pol.png?1759114181,0.071028,757803738,80,757803738,24743322.0,0.072154,0.070429,-0.000650368778468732,-0.90734,-6789400.30708909,-0.88798,10668859968.72763,10668859968.72763,,1.29,-94.48313,2024-03-13T18:55:06.692Z,0.068876,3.13185,2026-06-25T14:00:48.955Z,,2026-06-28T08:13:07.869Z
just,jst,JUST,https://coin-images.coingecko.com/coins/images/11095/large/JUST.jpg?1696511035,0.086265,737024853,81,737024853,19959098.0,0.086849,0.084288,0.00150015,1.76979,12613439.0,1.7412,8543764567.312736,8543764567.312736,9900000000.0,0.193254,-55.47807,2021-04-05T04:34:23.454Z,0.00476275,1706.53038,2020-05-09T06:08:54.872Z,,2026-06-28T08:13:03.700Z
usdtb,usdtb,USDtb,https://coin-images.coingecko.com/coins/images/52804/large/76357aa8-4ef7-446c-bad3-a3f944eeec7a.jpeg?1758277468,0.999764,735974111,82,735974111,1340275.0,0.999888,0.998837,0.00019199,0.01921,134857.0,0.01833,736154236.6661826,736154236.6661826,,1.057,-5.4402,2025-09-20T13:20:33.315Z,0.900502,10.995,2025-07-17T08:05:52.672Z,,2026-06-28T08:13:10.882Z
nexo,nexo,NEXO,https://coin-images.coingecko.com/coins/images/3695/large/CG-nexo-token-200x200_2x.png?1730414360,0.720768,720768132,83,720768132,3510303.0,0.736745,0.720214,-0.007408752940097352,-1.01744,-7754011.447727442,-1.06435,1000000000.0,1000000000.0,1000000000.0,4.07,-82.29544,2021-05-12T14:37:47.535Z,0.04515276,1495.06606,2018-09-13T00:00:00.000Z,"{'times': 6.20768131810231, 'currency': 'usd', 'percentage': 620.768131810231}",2026-06-28T08:13:08.681Z
jupiter-exchange-solana,jup,Jupiter,https://coin-images.coingecko.com/coins/images/34188/large/jup.png?1704266489,0.214814,713297915,84,1474246720,31128439.0,0.232345,0.213787,-0.010214689902442564,-4.53929,-33590161.46586847,-4.49735,3320312968.08,6862434893.573352,10000000000.0,2.0,-89.26241,2024-01-31T15:02:47.304Z,0.135801,58.13832,2026-02-12T18:35:44.925Z,,2026-06-28T08:13:08.756Z
ethena,ena,Ethena,https://coin-images.coingecko.com/coins/images/36530/large/ethena.png?1711701436,0.076377,709838141,85,1145670167,77664694.0,0.07959,0.075549,-0.002573517441772741,-3.25964,-23929642.18480277,-3.2612,9293750000.0,15000000000.0,15000000000.0,1.52,-94.97041,2024-04-11T13:15:15.057Z,0.07049,8.29143,2026-06-10T22:20:47.674Z,,2026-06-28T08:13:09.097Z
gatechain-token,gt,Gate,https://coin-images.coingecko.com/coins/images/8183/large/200X200.png?1735246724,6.54,695944877,86,792812502,587163.0,6.63,6.53,-0.020590669214636037,-0.31406,-2188010.9074652195,-0.31341,106483509.17747103,121304804.66747102,142622844.0,25.38,-74.28025,2025-01-26T00:00:00.000Z,0.25754,2434.79152,2020-03-13T02:18:02.481Z,,2026-06-28T08:13:15.664Z
janus-henderson-anemoy-aaa-clo-fund,jaaa,Janus Henderson Anemoy AAA CLO Fund,https://coin-images.coingecko.com/coins/images/70446/large/jaaa.png?1762078666,1.039,681545972,87,681545972,0.0,1.039,1.039,0.0,0.0,0.0,0.0,656157277.969118,656157277.969118,,1.039,-0.01867,2026-06-25T13:10:25.966Z,1.009,2.89315,2025-12-06T14:10:05.491Z,,2026-06-28T08:10:31.423Z
velvet,velvet,Velvet,https://coin-images.coingecko.com/coins/images/67194/large/velvet.jpg?1752054592,1.56,657535802,88,1562479021,89158200.0,1.62,0.877303,0.685,78.08018,288730909.0,78.28825,420828563.784523,1000000000.0,1000000000.0,1.83,-14.88709,2026-06-12T02:20:56.561Z,0.04131603,3665.87178,2025-07-10T12:59:53.519Z,,2026-06-28T08:13:13.201Z
beldex,bdx,Beldex,https://coin-images.coingecko.com/coins/images/5111/large/Beldex.png?1696505631,0.083963,649746095,89,834433396,12840225.0,0.084295,0.082437,0.00096805,1.16639,6963704.0,1.08337,7738455390.95067,9938075285.257963,,0.450785,-81.37133,2018-12-17T00:00:00.000Z,0.00027519,30415.85273,2019-11-01T11:05:12.090Z,"{'times': -0.6641468808719811, 'currency': 'usd', 'percentage': -66.41468808719812}",2026-06-28T08:13:10.451Z
venice-token,vvv,Venice Token,https://coin-images.coingecko.com/coins/images/54023/large/VVV_Token_Transparent.png?1741856877,13.32,626633163,90,1072236367,14417756.0,13.98,13.08,-0.12265107783456486,-0.91214,-5486299.350810528,-0.86792,47023747.3546388,80462661.37982924,,22.58,-41.23571,2025-01-28T00:06:36.780Z,0.91975,1342.98779,2025-12-01T18:55:48.565Z,,2026-06-28T08:13:11.322Z
adi-token,adi,ADI,https://coin-images.coingecko.com/coins/images/68846/large/ADI_Token-min.png?1765296433,4.93,617839592,91,4929631938,5377222.0,4.95,4.79,0.144326,3.01599,17695449.0,2.94853,125331789.216296,999999999.0,999999999.0,4.95,-0.51347,2026-06-27T16:35:17.420Z,0.975425,405.11601,2025-12-10T09:46:25.812Z,,2026-06-28T08:13:14.117Z
spiko-amundi-overnight-swap-fund-eur,eursafo,Spiko Amundi Overnight Swap Fund (EUR),https://coin-images.coingecko.com/coins/images/102172591/large/Fund_eurSAF0.png?1774104814,1.15,612138907,93,612138907,0.0,1.15,1.15,0.0,0.0,0.0,0.0,533674366.10329,533674366.10329,,1.19,-3.46051,2026-04-17T13:15:05.698Z,1.14,0.5747,2026-06-24T13:00:18.465Z,,2026-06-28T08:05:10.058Z
pump-fun,pump,Pump.fun,https://coin-images.coingecko.com/coins/images/67164/large/pump.jpg?1751949376,0.00149402,608016289,92,1278591363,71495380.0,0.00151017,0.0012985,0.00018113,13.79671,73955101.0,13.84768,406442900336.5156,854704704007.7382,1000000000000.0,0.00881908,-83.05926,2025-09-14T16:42:40.248Z,0.00115677,29.1539,2026-06-25T17:07:11.920Z,,2026-06-28T08:13:13.347Z
gho,gho,GHO,https://coin-images.coingecko.com/coins/images/30663/large/gho-token-logo.png?1720517092,0.997922,597749713,94,597749713,1519234.0,0.997928,0.997577,7.871e-05,0.00789,17450.99,0.00292,599000000.0,599000000.0,,1.03,-3.10001,2024-02-28T17:15:58.387Z,0.917065,8.81636,2023-10-24T04:41:04.568Z,,2026-06-28T08:13:07.132Z
filecoin,fil,Filecoin,https://coin-images.coingecko.com/coins/images/12817/large/filecoin.png?1696512609,0.732169,580435002,95,1433307902,36933093.0,0.749734,0.726048,-0.013430309549152142,-1.80128,-9312207.664406061,-1.57902,792761013.0,1957619063.0,,236.84,-99.69105,2021-04-01T13:29:41.564Z,0.677565,7.99221,2026-06-06T05:05:41.903Z,,2026-06-28T08:13:04.228Z
flare-networks,flr,Flare,https://coin-images.coingecko.com/coins/images/28624/large/FLR-icon200x200.png?1696527609,0.00666643,577593186,96,707369646,2514091.0,0.00680762,0.00664658,-0.000141193538884357,-2.07405,-11787717.304616451,-2.00002,86613201469.29054,106073878927.6127,,0.150073,-95.55227,2023-01-10T03:14:05.921Z,0.0064918,2.81956,2026-06-06T05:05:42.877Z,,2026-06-28T08:13:06.644Z
ylds,ylds,YLDS,https://coin-images.coingecko.com/coins/images/66486/large/YLDS.png?1772560579,1.0,561632926,97,561632926,1565791.0,1.0,0.999763,0.0002311,0.02312,129796.0,0.02312,561633170.07,561633170.07,,1.001,-0.10843,2026-02-13T15:00:58.249Z,0.999202,0.07984,2025-11-16T12:26:29.488Z,,2026-06-28T08:13:12.693Z
xdce-crowd-sale,xdc,XDC Network,https://coin-images.coingecko.com/coins/images/2912/large/xdc-icon.png?1696503661,0.02781456,554808337,98,1058780271,5350157.0,0.0281987,0.02777369,-0.000382404174051078,-1.35619,-7502863.97249186,-1.33429,19946688440.0,38065686425.1,,0.192754,-85.57192,2021-08-21T04:39:48.324Z,0.00039532,6935.02538,2019-07-22T00:00:00.000Z,"{'times': 1.3528443771742833, 'currency': 'eth', 'percentage': 135.28443771742832}",2026-06-28T08:13:06.762Z
usual-usd,usd0,Usual USD,https://coin-images.coingecko.com/coins/images/38272/large/USD0LOGO.png?1716962811,0.998617,552813152,99,552813152,229486.0,0.998852,0.998468,4.218e-05,0.00422,23056.0,0.00417,553578874.1098379,553578874.1098379,,1.33,-24.67948,2024-07-12T08:28:59.311Z,0.962885,3.70126,2025-04-10T08:30:51.088Z,,2026-06-28T08:13:09.083Z
bianrensheng,币安人生,币安人生 (BinanceLife),https://coin-images.coingecko.com/coins/images/69848/large/%E5%B8%81%E5%AE%89%E4%BA%BA%E7%94%9F.png?1759839225,0.523438,523437081,100,523437081,37547742.0,0.729635,0.506872,-0.205950572463367,-28.23606,-205951796.84180063,-28.23621,1000000000.0,1000000000.0,1000000000.0,0.895319,-42.34497,2026-06-07T10:25:46.588Z,0.03843448,1243.05567,2026-03-29T00:45:47.059Z,,2026-06-28T08:13:14.479Z
